<?xml version="1.0" encoding="utf-8"?>
<prefix name="ajaxim" label="Instant Chat" language_tag="en" language_label="English"><key name="about_hour"><value>about an hour</value></key><key name="about_hours"><value>about %d hours</value></key><key name="about_minute"><value>about a minute</value></key><key name="about_month"><value>about a month</value></key><key name="about_year"><value>about a year</value></key><key name="admin_settings_title"><value>Instant Chat Settings</value></key><key name="ago"><value>ago</value></key><key name="auth_action_label_chat"><value>Allow chat</value></key><key name="auth_group_label"><value>Instant Chat</value></key><key name="a_day"><value>a day</value></key><key name="change_privacy_settings"><value>Change your IM privacy here</value></key><key name="chat"><value>Chat</value></key><key name="confirm_delete_im"><value>Are you sure you want to remove Instant Chat?</value></key><key name="days"><value>%d days</value></key><key name="delete_chat"><value>Delete chat</value></key><key name="delete_chat_desc"><value>Before uninstalling Instant Chat plugin we have to remove all existing users' chat content. This may take awhile.</value></key><key name="delete_content_warning"><value>Warning</value></key><key name="enable_sound_label"><value>Enable sounds</value></key><key name="find_contact"><value>Find Contact</value></key><key name="friends_online"><value>Online friends</value></key><key name="from_now"><value>from now</value></key><key name="general_settings_title"><value>General Settings</value></key><key name="last_message_sent"><value>Last message sent</value></key><key name="less_than_minute"><value>less than a minute</value></key><key name="minutes"><value>%d minutes</value></key><key name="months"><value>%d months</value></key><key name="msg_settings_saved"><value>Settings saved</value></key><key name="new_message"><value>*** New Message ***</value></key><key name="no_contacts_online"><value>No friends online</value></key><key name="others_online"><value>Others</value></key><key name="page_title_uninstall"><value>Uninstall Instant Chat plugin</value></key><key name="plugin_configuration_notice"><value>The &lt;i&gt;Instant Chat&lt;/i&gt; plugin is being installed. Time for completing the installation depends on the number of users and cron schedule. &lt;br /&gt;Installed so far: {$percents}%</value></key><key name="plugin_installation_notice"><value>The &lt;i&gt;Instant Chat&lt;/i&gt; plugin is being installed. Time for completing the installation depends on the number of users and cron schedule. &lt;br /&gt;Installed so far: {$percents}%</value></key><key name="plugin_set_for_uninstall"><value>'Instant Chat' plugin uninstall initiated.</value></key><key name="privacy_action_invite_to_chat"><value>Who can invite me to chat</value></key><key name="save_btn"><value>Save settings</value></key><key name="send"><value>Send</value></key><key name="settings"><value>Installation</value></key><key name="settings_friends_only_label"><value>Friends Only Mode</value></key><key name="settings_saved"><value>Settings saved</value></key><key name="status_invisible_label"><value>Invisible for all</value></key><key name="uninstall_inprogress"><value>In progress</value></key><key name="uninstall_inprogress_desc"><value>The &lt;i&gt;Instant Chat&lt;/i&gt; plugin is being uninstalled. Time for completing the uninstallation depends on the number of users and cron schedule. &lt;br /&gt;Uninstalled so far: {$percents}%</value></key><key name="user_is_not_authorized_chat"><value>'{$username}' is not authorized to use Instant Chat</value></key><key name="user_is_offline"><value>[username] has gone offline</value></key><key name="user_is_online"><value>[username] is now online</value></key><key name="user_offline"><value>Offline</value></key><key name="user_settings_link"><value>Settings</value></key><key name="user_settings_submit_label"><value>Save settings</value></key><key name="user_settings_title"><value>Instant Chat Settings</value></key><key name="user_went_offline"><value>{$displayname} went offline</value></key><key name="warning_user_privacy_friends_only"><value>{$displayname} only accepts chat requests from friends</value></key><key name="years"><value>%d years</value></key></prefix>
