<?xml version="1.0" encoding="utf-8"?>
<prefix name="links" label="Links" language_tag="en" language_label="English"><key name="activity_string"><value>&lt;a href="{$userUrl}"&gt;{$user}&lt;/a&gt; posted new link: &lt;a href="{$url}"&gt;{$title}&lt;/a&gt; &lt;a class="ow_small" href="{$permalink}"&gt;#&lt;/a&gt;</value></key><key name="added"><value>Added</value></key><key name="add_new"><value>Add new</value></key><key name="add_new_link"><value>Link</value></key><key name="admin_links_settings_heading"><value>Links plugin settings</value></key><key name="admin_settings_results_per_page"><value>Number of posts on page</value></key><key name="by"><value>By</value></key><key name="by_lower"><value>by</value></key><key name="cmp_widget_post_count"><value>Links count</value></key><key name="comments"><value>comments</value></key><key name="comment_activity_string"><value>&lt;a href="{$actorUrl}"&gt;{$actor}&lt;/a&gt; commented on &lt;a href="{$ownerUrl}"&gt;{$owner}&lt;/a&gt;'s link: &lt;a href="{$url}"&gt;{$title}&lt;/a&gt;</value></key><key name="comment_notification_string"><value>&lt;a href="{$actorUrl}"&gt;{$actor}&lt;/a&gt; commented on your link: &lt;a href="{$url}"&gt;"{$title}"&lt;/a&gt;</value></key><key name="email_notifications_setting_comment"><value>someone commented on my link</value></key><key name="flags"><value>Links</value></key><key name="go_to_links"><value>Go to Links</value></key><key name="index_widget_empty"><value>No links.</value></key><key name="link"><value>Link</value></key><key name="links"><value>Links</value></key><key name="links_on_notify_actions"><value>Someone comments on my link</value></key><key name="link_cap"><value>Link</value></key><key name="list_page_heading"><value>Shared Links</value></key><key name="main_menu_item"><value>Links</value></key><key name="menuItemBrowseByTag"><value>Browse by Tag</value></key><key name="menuItemLatest"><value>Latest</value></key><key name="menuItemMostDiscussed"><value>Most Discussed</value></key><key name="menuItemTopRated"><value>Top Rated</value></key><key name="result_as"><value>Results as</value></key><key name="save_btn_label"><value>Save</value></key><key name="save_form_desc_field_label"><value>Description:</value></key><key name="save_form_publish_field_label"><value>Publish</value></key><key name="save_form_tags_field_label"><value>Tags (comma-separated):</value></key><key name="save_form_title_field_label"><value>Title:</value></key><key name="save_form_url_field_label"><value>Link URL:</value></key><key name="save_page_heading"><value>Add new link</value></key><key name="settings"><value>Settings</value></key><key name="sign_in_request"><value>You need to sign in to vote</value></key><key name="tags"><value>Tags:</value></key><key name="toolbar_comments"><value>comments</value></key><key name="toolbar_delete"><value>Delete</value></key><key name="toolbar_edit"><value>Edit</value></key><key name="updated"><value>Updated</value></key><key name="view_all"><value>View all</value></key><key name="vote"><value>vote</value></key></prefix>
